year,report_type,quarter,report_nm,rcept_no,rcept_dt,dart_url,revenue,operating_income,net_income,total_assets,total_liabilities,total_equity,current_assets,current_liabilities,cash,ppe,receivables,inventory,cfo,fs_div,source,operating_margin,net_margin,roe,roa,debt_ratio,current_ratio,asset_turnover
2010,annual,,사업보고서 (2010.12),20110331003040,20110331,https://dart.fss.or.kr/dsaf001/main.do?rcpNo=20110331003040,19.0,3273089.0,2656476.0,17584251.0,9414758.0,8169493.0,5691850.0,5341561.0,425.0,13141522.0,1025.0,1264944.0,5907758.0,,OpenDART document.xml legacy parser,172267.84210526315,139814.52631578947,0.325170240062633,0.15107131944374544,1.1524286758064424,1.0655780211065642,1.0805123289015837e-06
2010,half-year,,반기보고서 (2010.06),20100813000578,20100813,https://dart.fss.or.kr/dsaf001/main.do?rcpNo=20100813000578,3.0,1.0,1477206.0,15270718.0,8167232.0,7103486.0,5127193.0,4553281.0,972391.0,1.0,,1.0,1340382.0,,OpenDART document.xml legacy parser,0.3333333333333333,492402.0,0.20795508008321548,0.09673454777961324,1.149749855211934,1.126043615581819,1.9645441687810619e-07
2011,annual,,사업보고서 (2011.12),20120330001870,20120330,https://dart.fss.or.kr/dsaf001/main.do?rcpNo=20120330001870,5.0,325474.0,-55971.0,17238148.0,9362877.0,7875271.0,4936850.0,4817286.0,6.0,10899308.0,813.0,1183608.0,2855960.0,,OpenDART document.xml legacy parser,65094.8,-11194.2,-0.007107183994049221,-0.0032469265259817935,1.1888958487904733,1.0248197844180311,2.9005436082808897e-07
2011,half-year,,[기재정정]반기보고서 (2011.06),20111123000206,20111123,https://dart.fss.or.kr/dsaf001/main.do?rcpNo=20111123000206,24.0,446889.0,746537.0,17515937.0,8957209.0,8558728.0,5172058.0,5367735.0,747956.0,1.0,1663852.0,1.0,1513700.0,,OpenDART document.xml legacy parser,18620.375,31105.708333333332,0.08722522786096251,0.04262044331399457,1.0465584371883299,0.9635457041005191,1.3701807673777314e-06
2012,annual,,사업보고서 (2012.12),20130329002163,20130329,https://dart.fss.or.kr/dsaf001/main.do?rcpNo=20130329002163,2010.0,2.0,-158795.0,18648693.0,8909251.0,9739442.0,5313573.0,4441180.0,658387.0,1.0,1719521.0,1.0,924749.0,,OpenDART document.xml legacy parser,0.0009950248756218905,-79.00248756218906,-0.016304322157265273,-0.00851507395183137,0.9147599010292377,1.1964327048216916,0.00010778235236110112
2012,half-year,,반기보고서 (2012.06),20120817000001,20120817,https://dart.fss.or.kr/dsaf001/main.do?rcpNo=20120817000001,2010.0,4.0,-324530.0,19835172.0,9975570.0,9859602.0,6434022.0,5277364.0,1719419.0,1.0,1691692.0,1.0,1229771.0,,OpenDART document.xml legacy parser,0.001990049751243781,-161.45771144278606,-0.03291512172600882,-0.016361340350363487,1.0117619352180747,1.2191734358289479,0.00010133514345123904
2013,annual,,[첨부추가]사업보고서 (2013.12),20140331002980,20140331,https://dart.fss.or.kr/dsaf001/main.do?rcpNo=20140331002980,2010.0,39.0,2796967.0,20797298.0,7730439.0,13066859.0,6653124.0,3078239.0,631867.0,1.0,59654.0,5.0,6372056.0,,OpenDART document.xml legacy parser,0.019402985074626865,1391.5258706467662,0.21405044624725805,0.13448703769114623,0.5916065215060482,2.1613409485098463,9.664717022374734e-05
2013,half-year,,반기보고서 (2013.06),20130814001050,20130814,https://dart.fss.or.kr/dsaf001/main.do?rcpNo=20130814001050,2010.0,41.0,1018886.0,20275395.0,9117705.0,11157690.0,6643859.0,3956226.0,504748.0,1.0,2439582.0,1.0,2468869.0,,OpenDART document.xml legacy parser,0.020398009950248756,506.9084577114428,0.09131693029650402,0.05025233787060622,0.8171678008620064,1.6793426361385826,9.913493670530217e-05
2014,annual,,사업보고서 (2014.12),20150331004519,20150331,https://dart.fss.or.kr/dsaf001/main.do?rcpNo=20150331004519,2012.0,51.0,4195456.0,26883278.0,8846975.0,18036303.0,10363514.0,5765304.0,436761.0,2014.0,3732926.0,1497563.0,5866691.0,,OpenDART document.xml legacy parser,0.025347912524850896,2085.216699801193,0.23261174975825147,0.15606192072261427,0.49050933553289716,1.7975659219357731,7.484206353109171e-05
2014,half-year,,반기보고서 (2014.06),20140814001611,20140814,https://dart.fss.or.kr/dsaf001/main.do?rcpNo=20140814001611,2012.0,1.0,1527245.0,22556707.0,7946721.0,14609986.0,7171104.0,4853122.0,591243.0,1.0,2280369.0,5.0,3019859.0,,OpenDART document.xml legacy parser,0.0004970178926441351,759.0680914512923,0.10453432330462192,0.06770691307024558,0.5439239298381258,1.4776269790868641,8.919741698112229e-05
2015,annual,,annual,,,,18797998000000.0,5336100000000.0,4323595000000.0,29677906000000.0,8290203000000.0,21387703000000.0,9760030000000.0,4840698000000.0,1175719000000.0,16966252000000.0,2628448000000.0,1923376000000.0,9319520000000.0,CFS,OpenDART fnlttSinglAcntAll,0.2838653350213145,0.23000295031417708,0.20215331211584525,0.14568396436055833,0.3876153975020132,2.0162443515377326,0.6334004157840516
2015,half-year,,half-year,,,,,,,,,,,,,,,,,,OpenDART document.xml legacy parser,,,,,,,
2015,quarterly,Q1,quarterly_q1,,,,,,,,,,,,,,,,,,OpenDART document.xml legacy parser,,,,,,,
2015,quarterly,Q3,quarterly_q3,,,,,,,,,,,,,,,,,,OpenDART document.xml legacy parser,,,,,,,
2016,annual,,annual,,,,17197975000000.0,3276746000000.0,2960483000000.0,32216026000000.0,8192496000000.0,24023530000000.0,9838982000000.0,4160849000000.0,613786000000.0,18777402000000.0,3251652000000.0,2026198000000.0,5548922000000.0,CFS,OpenDART fnlttSinglAcntAll,0.19053092006471692,0.17214137129516702,0.12323263900018024,0.09189472966032496,0.34101965864300543,2.3646573091212875,0.5338329128490273
2016,half-year,,half-year,,,,3940927000000.0,452853000000.0,286132000000.0,29329452000000.0,7628630000000.0,21700822000000.0,8356317000000.0,3163858000000.0,987448000000.0,17936788000000.0,2470502000000.0,2010992000000.0,1932535000000.0,CFS,OpenDART fnlttSinglAcntAll,0.11491027364881409,0.07260525252053641,0.01318530698975366,0.009755790868509919,0.35153645331960237,2.6411795346061675,0.13436756336258857
2016,quarterly,Q1,quarterly_q1,,,,3655717000000.0,561798000000.0,448026000000.0,29797655000000.0,8332966000000.0,21464689000000.0,9163101000000.0,4251605000000.0,946946000000.0,17666499000000.0,2266364000000.0,2193908000000.0,649699000000.0,CFS,OpenDART fnlttSinglAcntAll,0.15367655647305303,0.12255489142075275,0.02087269934355909,0.01503561270173777,0.38821741139599086,2.1552098560426005,0.12268472133125913
2016,quarterly,Q3,quarterly_q3,,,,4243645000000.0,725956000000.0,597751000000.0,29166995000000.0,7162415000000.0,22004580000000.0,8228379000000.0,2974257000000.0,1214703000000.0,17888583000000.0,2313000000000.0,1995002000000.0,3569159000000.0,CFS,OpenDART fnlttSinglAcntAll,0.1710689749024718,0.14085791813405693,0.027164844773224485,0.02049408929510908,0.3254965557170371,2.7665326163811668,0.14549476214467758
2017,annual,,annual,,,,30109434000000.0,13721326000000.0,10642219000000.0,45418464000000.0,11597545000000.0,33820919000000.0,17310444000000.0,8116133000000.0,2949991000000.0,24062601000000.0,5552795000000.0,2640439000000.0,14690614000000.0,CFS,OpenDART fnlttSinglAcntAll,0.45571517551608576,0.3534513136314685,0.31466380319233783,0.23431481522580772,0.3429104040608713,2.132843806280651,0.6629337795307213
2017,half-year,,half-year,,,,6692278000000.0,3050700000000.0,2468509000000.0,37501577000000.0,9737793000000.0,27763784000000.0,12290962000000.0,5483352000000.0,1326003000000.0,21395285000000.0,4257266000000.0,2424006000000.0,6104122000000.0,CFS,OpenDART fnlttSinglAcntAll,0.45585374666145073,0.36885930321483956,0.08891111528601432,0.06582413854222717,0.3507372410043242,2.2415051960917336,0.17845324211299168
2017,quarterly,Q1,quarterly_q1,,,,6289518000000.0,2467599000000.0,1898678000000.0,34319500000000.0,9150581000000.0,25168919000000.0,10841409000000.0,5167516000000.0,2162786000000.0,19856004000000.0,3452210000000.0,2040563000000.0,2820020000000.0,CFS,OpenDART fnlttSinglAcntAll,0.39233515191466184,0.3018797306884248,0.07543740754221506,0.05532359154416586,0.36356670701669785,2.097992342936142,0.1832636839114789
2017,quarterly,Q3,quarterly_q3,,,,8100085000000.0,3737193000000.0,3055529000000.0,40730453000000.0,9825955000000.0,30904498000000.0,14557910000000.0,5642787000000.0,1123119000000.0,21977158000000.0,5260576000000.0,2557403000000.0,9904080000000.0,CFS,OpenDART fnlttSinglAcntAll,0.46137701024125055,0.37722184396830405,0.0988700415065794,0.07501829159621672,0.31794578899162185,2.579914854131478,0.19887048641467356
2018,annual,,annual,,,,40445066000000.0,20843750000000.0,15539984000000.0,63658335000000.0,16806004000000.0,46852331000000.0,19894146000000.0,13031852000000.0,2349319000000.0,34952617000000.0,6319994000000.0,4422733000000.0,22227199000000.0,CFS,OpenDART fnlttSinglAcntAll,0.5153595249418063,0.3842244688140699,0.33168006091308455,0.24411546422004282,0.35870155531856035,1.5265785707204165,0.6353459605878791
2018,half-year,,half-year,,,,10370507000000.0,5573918000000.0,4328543000000.0,53257080000000.0,12479404000000.0,40777676000000.0,15695268000000.0,8727425000000.0,1187928000000.0,29311297000000.0,7351385000000.0,3367788000000.0,8168263000000.0,CFS,OpenDART fnlttSinglAcntAll,0.5374778687290795,0.41738971874759834,0.10614982079900777,0.08127638616311672,0.30603519435487203,1.798384746932801,0.1947254149119704
2018,quarterly,Q1,quarterly_q1,,,,8719691000000.0,4367338000000.0,3121329000000.0,49125123000000.0,12746637000000.0,36378486000000.0,17632878000000.0,9352773000000.0,3477358000000.0,27364769000000.0,5574098000000.0,3103142000000.0,4523576000000.0,CFS,OpenDART fnlttSinglAcntAll,0.5008592620999988,0.3579632581016919,0.08580150916670913,0.06353834472841931,0.35038943072012396,1.8853101641620085,0.1774996268202728
2018,quarterly,Q3,quarterly_q3,,,,11416788000000.0,6472420000000.0,4692193000000.0,57377252000000.0,13888426000000.0,43488826000000.0,17700533000000.0,10002009000000.0,2340357000000.0,31259492000000.0,7711347000000.0,3686740000000.0,15256517000000.0,CFS,OpenDART fnlttSinglAcntAll,0.566921274179743,0.4109906393987521,0.10789422092010485,0.08177793178383656,0.31935619508330715,1.7696977677184653,0.1989776017854602
2019,annual,,annual,,,,26990733000000.0,2712718000000.0,2016391000000.0,64789494000000.0,16846299000000.0,47943195000000.0,14457602000000.0,7874033000000.0,2306070000000.0,39949940000000.0,4261674000000.0,5295835000000.0,6483188000000.0,CFS,OpenDART fnlttSinglAcntAll,0.10050553276933975,0.07470678917834503,0.04205791875155588,0.031122190891010818,0.35138039924122705,1.8361114310798545,0.4165911991842381
2019,half-year,,half-year,,,,6452201000000.0,637630000000.0,,63032264000000.0,15321477000000.0,47710787000000.0,14242750000000.0,7512771000000.0,1128775000000.0,38445358000000.0,4802736000000.0,5588705000000.0,1402561000000.0,CFS,OpenDART fnlttSinglAcntAll,0.09882364173093802,,,,0.3211323468631947,1.8958051563131633,0.10236346579586607
2019,quarterly,Q1,quarterly_q1,,,,6772655000000.0,1366490000000.0,,65131501000000.0,17965494000000.0,47166007000000.0,18618236000000.0,13231722000000.0,1152257000000.0,36385101000000.0,5496813000000.0,5117491000000.0,2630762000000.0,CFS,OpenDART fnlttSinglAcntAll,0.20176577723211947,,,,0.3808991929293485,1.4070909289055498,0.10398432242487395
2019,quarterly,Q3,quarterly_q3,,,,6838766000000.0,472561000000.0,,63671751000000.0,15405525000000.0,48266226000000.0,14175499000000.0,6827424000000.0,1203143000000.0,38937960000000.0,4757987000000.0,5473612000000.0,3899615000000.0,CFS,OpenDART fnlttSinglAcntAll,0.0691003318434934,,,,0.31917815575636677,2.0762587763701212,0.10740659543036597
2020,annual,,annual,,,,31900418000000.0,5012624000000.0,4758914000000.0,71173853000000.0,19264756000000.0,51909097000000.0,16570953000000.0,9072360000000.0,2975989000000.0,41230562000000.0,4931322000000.0,6136318000000.0,12314571000000.0,CFS,OpenDART fnlttSinglAcntAll,0.15713348959878834,0.14918030227691687,0.09167784213237229,0.0668632341711218,0.37112485312545507,1.8265316852505853,0.4482041740806136
2020,half-year,,half-year,,,,8606534000000.0,1946715000000.0,,69259297000000.0,19856421000000.0,49402876000000.0,17362825000000.0,9595472000000.0,3918249000000.0,40514288000000.0,5608420000000.0,5814139000000.0,5686029000000.0,CFS,OpenDART fnlttSinglAcntAll,0.226190357233237,,,,0.40192844238460934,1.809481076074215,0.12426539645644974
2020,quarterly,Q1,quarterly_q1,,,,7198892000000.0,800301000000.0,,67142787000000.0,18895063000000.0,48247724000000.0,15799759000000.0,8707249000000.0,2169664000000.0,40516546000000.0,4716880000000.0,5425680000000.0,2331545000000.0,CFS,OpenDART fnlttSinglAcntAll,0.11117002449821445,,,,0.39162599669986503,1.8145523344973826,0.1072176524337603
2020,quarterly,Q3,quarterly_q3,,,,8128767000000.0,1299696000000.0,,69267173000000.0,18768114000000.0,50499059000000.0,17036210000000.0,8851618000000.0,2807138000000.0,40712211000000.0,5475806000000.0,6150544000000.0,9052744000000.0,CFS,OpenDART fnlttSinglAcntAll,0.15988845540781277,,,,0.37165274703435563,1.9246436075302842,0.11735381491604978
2021,annual,,annual,,,,42997792000000.0,12410340000000.0,9616188000000.0,96386474000000.0,34195416000000.0,62191058000000.0,26870451000000.0,14769356000000.0,5057982000000.0,53034270000000.0,8267111000000.0,8916605000000.0,19797648000000.0,CFS,OpenDART fnlttSinglAcntAll,0.28862737881982403,0.22364376291694235,0.15462332221458588,0.09976698597772131,0.5498445773345744,1.819338026654649,0.44609777923819477
2021,half-year,,half-year,,,,10321671000000.0,2694574000000.0,,77717897000000.0,22839883000000.0,54878014000000.0,20099557000000.0,9186924000000.0,2666351000000.0,43866891000000.0,6500214000000.0,6226651000000.0,7756735000000.0,CFS,OpenDART fnlttSinglAcntAll,0.261059861334468,,,,0.41619368732986584,2.1878440487806365,0.13280944799625755
2021,quarterly,Q1,quarterly_q1,,,,8494188000000.0,1324421000000.0,,75118008000000.0,22739419000000.0,52378589000000.0,18384877000000.0,9830992000000.0,2226144000000.0,43328696000000.0,5336152000000.0,6182597000000.0,3206762000000.0,CFS,OpenDART fnlttSinglAcntAll,0.15592084846721074,,,,0.4341357687203067,1.8700937809734766,0.11307791867963272
2021,quarterly,Q3,quarterly_q3,,,,11805324000000.0,4171821000000.0,,83269048000000.0,24554602000000.0,58714446000000.0,24910504000000.0,10545603000000.0,2761977000000.0,44307734000000.0,7517462000000.0,6600336000000.0,14023424000000.0,CFS,OpenDART fnlttSinglAcntAll,0.35338471015280903,,,,0.4182037585775739,2.362169711869487,0.14177325529169013
2022,annual,,annual,,,,44621568000000.0,6809417000000.0,2241669000000.0,103871512000000.0,40580970000000.0,63290542000000.0,28733332000000.0,19843696000000.0,4977007000000.0,60228528000000.0,5186054000000.0,15664707000000.0,14780517000000.0,CFS,OpenDART fnlttSinglAcntAll,0.1526037139707865,0.05023734262319065,0.03541870442506244,0.021581172323745512,0.6411853764816866,1.4479828757707234,0.4295842733087394
2022,half-year,,half-year,,,,13811001000000.0,4192617000000.0,,104147622000000.0,37387462000000.0,66760160000000.0,29719276000000.0,16869305000000.0,4546312000000.0,58113861000000.0,9040032000000.0,11878738000000.0,9714893000000.0,CFS,OpenDART fnlttSinglAcntAll,0.30357082734263796,,,,0.5600265487680077,1.7617368350385507,0.1326098545005665
2022,quarterly,Q1,quarterly_q1,,,,12155653000000.0,2859615000000.0,,99466056000000.0,36067417000000.0,63398639000000.0,27767761000000.0,16659247000000.0,4982764000000.0,55320713000000.0,8146418000000.0,10392670000000.0,5141228000000.0,CFS,OpenDART fnlttSinglAcntAll,0.23524980517295122,,,,0.5688989159530696,1.6668076894471882,0.12220905793228597
2022,quarterly,Q3,quarterly_q3,,,,10982883000000.0,1655560000000.0,,109545800000000.0,40822614000000.0,68723186000000.0,31896913000000.0,18383115000000.0,4719217000000.0,60404219000000.0,8519642000000.0,14664974000000.0,13595720000000.0,CFS,OpenDART fnlttSinglAcntAll,0.15074001971977669,,,,0.5940151552345084,1.7351201360596396,0.10025836682008804
2023,annual,,annual,,,,32765719000000.0,-7730313000000.0,-9137547000000.0,100330165000000.0,46826413000000.0,53503752000000.0,30468100000000.0,21007810000000.0,7587329000000.0,52704853000000.0,6600273000000.0,13480659000000.0,4278191000000.0,CFS,OpenDART fnlttSinglAcntAll,-0.23592685391704665,-0.27887521711334945,-0.17078329385199004,-0.09107477297580444,0.875198677655354,1.450322522909337,0.32657894064063386
2023,half-year,,half-year,,,,7305933000000.0,-2882084000000.0,,102819007000000.0,45359957000000.0,57459050000000.0,29661132000000.0,19776433000000.0,6040810000000.0,56597820000000.0,4487069000000.0,16420200000000.0,-694049000000.0,CFS,OpenDART fnlttSinglAcntAll,-0.39448541343042703,,,,0.789431029576716,1.499822136782705,0.07105624935669724
2023,quarterly,Q1,quarterly_q1,,,,5088111000000.0,-3402302000000.0,,104384608000000.0,43376074000000.0,61008534000000.0,28834021000000.0,17276137000000.0,4894782000000.0,59225641000000.0,4227451000000.0,17182269000000.0,-2005488000000.0,CFS,OpenDART fnlttSinglAcntAll,-0.6686768429383715,,,,0.7109837125409373,1.6690085868154438,0.04874388185660476
2023,quarterly,Q3,quarterly_q3,,,,9066171000000.0,-1791961000000.0,,102049450000000.0,46817890000000.0,55231560000000.0,30393967000000.0,20250122000000.0,7122306000000.0,54016964000000.0,5515297000000.0,14947895000000.0,325283000000.0,CFS,OpenDART fnlttSinglAcntAll,-0.19765356289882466,,,,0.8476655376020522,1.5009275993497717,0.08884095896646185
2024,annual,,annual,,,,66192960000000.0,23467319000000.0,19796902000000.0,119855209000000.0,45939505000000.0,73915704000000.0,42278887000000.0,24965444000000.0,11205117000000.0,60157474000000.0,13019006000000.0,13313937000000.0,29795885000000.0,CFS,OpenDART fnlttSinglAcntAll,0.35452892573470046,0.2990786633503019,0.26783079817517536,0.16517348027819134,0.6215121079006432,1.6934962983233945,0.5522743696521358
2024,half-year,,half-year,,,,16423258000000.0,5468536000000.0,,105624349000000.0,45794329000000.0,59830020000000.0,35683696000000.0,23354170000000.0,7933829000000.0,53231992000000.0,10223675000000.0,13354938000000.0,11015501000000.0,CFS,OpenDART fnlttSinglAcntAll,0.3329751015297939,,,,0.7654072153076332,1.5279368095719095,0.15548742458994944
2024,quarterly,Q1,quarterly_q1,,,,,2886029000000.0,,103197515000000.0,47690113000000.0,55507402000000.0,33026065000000.0,23401233000000.0,8381395000000.0,53163891000000.0,7178507000000.0,13844639000000.0,5356478000000.0,CFS,OpenDART fnlttSinglAcntAll,,,,,0.8591667287905134,1.4112959347056628,
2024,quarterly,Q3,quarterly_q3,,,,17573069000000.0,7029958000000.0,,108367058000000.0,43065538000000.0,65301520000000.0,37078030000000.0,23031263000000.0,9135688000000.0,54633704000000.0,10471229000000.0,13353865000000.0,18774763000000.0,CFS,OpenDART fnlttSinglAcntAll,0.40004156359939175,,,,0.6594875280085364,1.609899986813576,0.16216246269230636
2025,annual,,annual,,,,97146675000000.0,47206319000000.0,42947902000000.0,176107659000000.0,55440908000000.0,120666751000000.0,69458073000000.0,37378999000000.0,14923766000000.0,77502704000000.0,18199078000000.0,14289390000000.0,53373126000000.0,CFS,OpenDART fnlttSinglAcntAll,0.4859283037736495,0.4420933809623438,0.35592159102717535,0.2438729936214756,0.4594547175634156,1.8582111575540052,0.5516323114601166
2025,half-year,,half-year,,,,22231952000000.0,9212851000000.0,,129087781000000.0,41945296000000.0,87142485000000.0,45203170000000.0,25324404000000.0,9075311000000.0,64472933000000.0,13125210000000.0,13408333000000.0,18189841000000.0,CFS,OpenDART fnlttSinglAcntAll,0.4143968554807963,,,,0.48134151786008855,1.7849648110178624,0.1722235197458387
2025,quarterly,Q1,quarterly_q1,,,,17639141000000.0,7440504000000.0,,123985470000000.0,42546717000000.0,81438753000000.0,41228190000000.0,24836401000000.0,12558069000000.0,63015300000000.0,10628589000000.0,14551350000000.0,9023671000000.0,CFS,OpenDART fnlttSinglAcntAll,0.42181781981333444,,,,0.5224382180802793,1.6599905115076858,0.1422678076713344
2025,quarterly,Q3,quarterly_q3,,,,24448929000000.0,11383390000000.0,,148435030000000.0,48428751000000.0,100006279000000.0,57139556000000.0,29769431000000.0,10814515000000.0,68145161000000.0,14312462000000.0,13156389000000.0,32511390000000.0,CFS,OpenDART fnlttSinglAcntAll,0.4655987180460952,,,,0.48425710349647144,1.9194036997213686,0.16471131511207293
2026,annual,,annual,,,,,,,,,,,,,,,,,,OpenDART document.xml legacy parser,,,,,,,
2026,half-year,,half-year,,,,79318746000000.0,60542608000000.0,,348862214000000.0,86168986000000.0,262693228000000.0,156155954000000.0,60257051000000.0,26835986000000.0,88889146000000.0,47821395000000.0,17985706000000.0,91742501000000.0,CFS,OpenDART fnlttSinglAcntAll,0.7632824654086185,,,,0.32802134511057895,2.5914967859943894,0.2273641077104441
2026,quarterly,Q1,quarterly_q1,,,,52576287000000.0,37610283000000.0,,222828744000000.0,58448945000000.0,164379799000000.0,106506116000000.0,40700530000000.0,21166904000000.0,82051924000000.0,33807843000000.0,15974133000000.0,26330119000000.0,CFS,OpenDART fnlttSinglAcntAll,0.7153468825213922,,,,0.3555725542650165,2.616823810402469,0.23594930373973655
2026,quarterly,Q3,quarterly_q3,,,,,,,,,,,,,,,,,,OpenDART document.xml legacy parser,,,,,,,
